All Cities,,,,,,
,,,,,,
"Effective April 1, 2014",,,,,,
"Please Note:  Some communities located within a county or a city may not be listed.  If you are in doubt about the correct rate or if you cannot find a community, please call our toll-free number 1-800-400-7115 (TTY:711) or call the local Board of Equalization (BOE) office near you for assistance. ",,,,,,
,,,,,,
* indicates incorporated city or incorporated town,,,,,,
,,,,,,
City,,County,,,,
Acampo,8.000%,San Joaquin,,,,
Acton,9.000%,Los Angeles,,,,
Adelaida,7.500%,San Luis Obispo,,,,
Adelanto*,8.000%,San Bernardino,,,,
Adin,7.500%,Modoc,,,,
Agoura,9.000%,Los Angeles,,,,
Agoura Hills*,9.000%,Los Angeles,,,,
Agua Caliente,8.250%,Sonoma,,,,
Agua Caliente Springs,8.000%,San Diego,,,,
Agua Dulce,9.000%,Los Angeles,,,,
Aguanga,8.000%,Riverside,,,,
Ahwahnee,8.000%,Madera,,,,
Al Tahoe,7.500%,El Dorado,,,,
Alameda*,9.000%,Alameda,,,,
Alamo,8.500%,Contra Costa,,,,
Albany*,9.500%,Alameda,,,,
Alberhill (Lake Elsinore*),8.000%,Riverside,,,,
Albion,7.625%,Mendocino,,,,
Alderpoint,7.500%,Humboldt,,,,
Alhambra*,9.000%,Los Angeles,,,,
Aliso Viejo*,8.000%,Orange,,,,
Alleghany,7.500%,Sierra,,,,
Almaden Valley,8.750%,Santa Clara,,,,
Almanor,7.500%,Plumas,,,,
Almondale,9.000%,Los Angeles,,,,
Alondra,9.000%,Los Angeles,,,,
Alpaugh,8.000%,Tulare,,,,
Alpine,8.000%,San Diego,,,,
Alta,7.500%,Placer,,,,
Alta Loma (Rancho Cucamonga*),8.000%,San Bernardino,,,,
Altadena,9.000%,Los Angeles,,,,
Altaville,7.500%,Calaveras,,,,
Alton,7.500%,Humboldt,,,,
Alturas*,7.500%,Modoc,,,,
Alviso (San Jose*),8.750%,Santa Clara,,,,
Amador City*,8.000%,Amador,,,,
Amargosa (Death Valley),8.000%,Inyo,,,,
Amboy,8.000%,San Bernardino,,,,
American Canyon*,8.000%,Napa,,,,
Anaheim*,8.000%,Orange,,,,
Anderson*,7.500%,Shasta,,,,
Angels Camp*,7.500%,Calaveras,,,,
Angelus Oaks,8.000%,San Bernardino,,,,
Angwin,8.000%,Napa,,,,
Annapolis,8.250%,Sonoma,,,,
Antelope,8.000%,Sacramento,,,,
Antelope Acres,9.000%,Los Angeles,,,,
Antioch*,9.000%,Contra Costa,,,,
Anza,8.000%,Riverside,,,,
Apple Valley*,8.000%,San Bernardino,,,,
Applegate,7.500%,Placer,,,,
Aptos,8.250%,Santa Cruz,,,,
Arbuckle,7.500%,Colusa,,,,
Arcadia*,9.000%,Los Angeles,,,,
Arcata*,8.250%,Humboldt,,,,
Argus,8.000%,San Bernardino,,,,
Arleta (Los Angeles*),9.000%,Los Angeles,,,,
Arlington (Riverside*),8.000%,Riverside,,,,
Armona,7.500%,Kings,,,,
Army Terminal,9.000%,Alameda,,,,
Arnold,7.500%,Calaveras,,,,
Aromas,7.500%,Monterey,,,,
Arrowbear Lake,8.000%,San Bernardino,,,,
Arrowhead Highlands,8.000%,San Bernardino,,,,
Arroyo Grande*,8.000%,San Luis Obispo,,,,
Artesia*,9.000%,Los Angeles,,,,
Artois,7.500%,Glenn,,,,
Arvin*,8.500%,Kern,,,,
Ashland,9.000%,Alameda,,,,
Asti,8.250%,Sonoma,,,,
Atascadero*,7.500%,San Luis Obispo,,,,
Athens,9.000%,Los Angeles,,,,
Atherton*,9.000%,San Mateo,,,,
Atwater*,8.000%,Merced,,,,
Atwood,8.000%,Orange,,,,
Auberry,8.225%,Fresno,,,,
Auburn*,7.500%,Placer,,,,
Avalon*,9.500%,Los Angeles,,,,
Avenal*,7.500%,Kings,,,,
Avery,7.500%,Calaveras,,,,
Avila Beach,7.500%,San Luis Obispo,,,,
Azusa*,9.000%,Los Angeles,,,,
Badger,8.000%,Tulare,,,,
Bailey,9.000%,Los Angeles,,,,
Baker,8.000%,San Bernardino,,,,
Bakersfield*,7.500%,Kern,,,,
Balboa (Newport Beach*),8.000%,Orange,,,,
Balboa Island (Newport Beach*),8.000%,Orange,,,,
Balboa Park (San Diego*),8.000%,San Diego,,,,
Baldwin Park*,9.000%,Los Angeles,,,,
Ballard,8.000%,Santa Barbara,,,,
Ballico,7.500%,Merced,,,,
Ballroad,8.000%,Orange,,,,
Bangor,7.500%,Butte,,,,
Banning*,8.000%,Riverside,,,,
Banta,8.000%,San Joaquin,,,,
Bard,8.000%,Imperial,,,,
Barrington,9.000%,Los Angeles,,,,
Barstow*,8.000%,San Bernardino,,,,
Bartlett,8.000%,Inyo,,,,
Barton,8.225%,Fresno,,,,
Base Line,8.000%,San Bernardino,,,,
Bass Lake,8.000%,Madera,,,,
Bassett,9.000%,Los Angeles,,,,
Baxter,7.500%,Placer,,,,
Bay Point,8.500%,Contra Costa,,,,
Bayside,7.500%,Humboldt,,,,
Baywood Park,7.500%,San Luis Obispo,,,,
Beale A.F.B.,7.500%,Yuba,,,,
Bear River Lake,8.000%,Amador,,,,
Bear Valley,7.500%,Alpine,,,,
Bear Valley,8.000%,Mariposa,,,,
Beaumont*,8.000%,Riverside,,,,
Beckwourth,7.500%,Plumas,,,,
Bel Air Estates,9.000%,Los Angeles,,,,
Belden,7.500%,Plumas,,,,
Bell Gardens*,9.000%,Los Angeles,,,,
Bell*,9.000%,Los Angeles,,,,
Bella Vista,7.500%,Shasta,,,,
Bellflower*,9.000%,Los Angeles,,,,
Belmont*,9.000%,San Mateo,,,,
Belvedere*,8.500%,Marin,,,,
Ben Lomond,8.250%,Santa Cruz,,,,
Benicia*,7.625%,Solano,,,,
Benton,7.500%,Mono,,,,
Berkeley*,9.000%,Alameda,,,,
Bermuda Dunes,8.000%,Riverside,,,,
Berry Creek,7.500%,Butte,,,,
Bethel Island,8.500%,Contra Costa,,,,
Betteravia,8.000%,Santa Barbara,,,,
Beverly Hills*,9.000%,Los Angeles,,,,
Bieber,7.500%,Lassen,,,,
Big Bar,7.500%,Trinity,,,,
Big Basin,8.250%,Santa Cruz,,,,
Big Bear City,8.000%,San Bernardino,,,,
Big Bear Lake*,8.000%,San Bernardino,,,,
Big Bend,7.500%,Shasta,,,,
Big Creek,8.225%,Fresno,,,,
Big Oak Flat,7.500%,Tuolumne,,,,
Big Pine,8.000%,Inyo,,,,
Big River,8.000%,San Bernardino,,,,
Big Sur,7.500%,Monterey,,,,
Biggs*,7.500%,Butte,,,,
Bijou,7.500%,El Dorado,,,,
Biola,8.225%,Fresno,,,,
Biola College (La Mirada*),9.000%,Los Angeles,,,,
Birds Landing,7.625%,Solano,,,,
Bishop*,8.000%,Inyo,,,,
Black Hawk,8.500%,Contra Costa,,,,
Blairsden,7.500%,Plumas,,,,
Blocksburg,7.500%,Humboldt,,,,
Bloomington,8.000%,San Bernardino,,,,
Blossom Hill,8.750%,Santa Clara,,,,
Blossom Valley,8.750%,Santa Clara,,,,
Blue Jay,8.000%,San Bernardino,,,,
Blue Lake*,7.500%,Humboldt,,,,
Blythe*,8.000%,Riverside,,,,
Bodega,8.250%,Sonoma,,,,
Bodega Bay,8.250%,Sonoma,,,,
Bodfish,7.500%,Kern,,,,
Bolinas,8.500%,Marin,,,,
Bolsa,8.000%,Orange,,,,
Bombay Beach,8.000%,Imperial,,,,
Bonita,8.000%,San Diego,,,,
Bonny Doon,8.250%,Santa Cruz,,,,
Bonsall,8.000%,San Diego,,,,
Boonville,7.625%,Mendocino,,,,
Boron,7.500%,Kern,,,,
Borrego Springs,8.000%,San Diego,,,,
Bostonia,8.000%,San Diego,,,,
Boulder Creek,8.250%,Santa Cruz,,,,
Boulevard,8.000%,San Diego,,,,
Bouquet Canyon (Santa Clarita*),9.000%,Los Angeles,,,,
Bowman,7.500%,Placer,,,,
Boyes Hot Springs,8.250%,Sonoma,,,,
Bradbury*,9.000%,Los Angeles,,,,
Bradford,9.000%,Alameda,,,,
Bradley,7.500%,Monterey,,,,
Branscomb,7.625%,Mendocino,,,,
Brawley*,8.000%,Imperial,,,,
Brea*,8.000%,Orange,,,,
Brents Junction,9.000%,Los Angeles,,,,
Brentwood (Los Angeles*),9.000%,Los Angeles,,,,
Brentwood*,8.500%,Contra Costa,,,,
Briceland,7.500%,Humboldt,,,,
Bridgeport,8.000%,Mariposa,,,,
Bridgeport,7.500%,Mono,,,,
Bridgeville,7.500%,Humboldt,,,,
Brisbane*,9.000%,San Mateo,,,,
Broderick (West Sacramento*),8.000%,Yolo,,,,
Brookdale,8.250%,Santa Cruz,,,,
Brookhurst Center,8.000%,Orange,,,,
Brooks,7.500%,Yolo,,,,
Browns Valley,7.500%,Yuba,,,,
Brownsville,7.500%,Yuba,,,,
Bryn Mawr,8.000%,San Bernardino,,,,
Bryte (West Sacramento*),8.000%,Yolo,,,,
Buellton*,8.000%,Santa Barbara,,,,
Buena Park*,8.000%,Orange,,,,
Burbank*,9.000%,Los Angeles,,,,
Burlingame*,9.000%,San Mateo,,,,
Burney,7.500%,Shasta,,,,
Burnt Ranch,7.500%,Trinity,,,,
Burrel,8.225%,Fresno,,,,
Burson,7.500%,Calaveras,,,,
Butte City,7.500%,Glenn,,,,
Butte Meadows,7.500%,Butte,,,,
Buttonwillow,7.500%,Kern,,,,
Byron,8.500%,Contra Costa,,,,
Cabazon,8.000%,Riverside,,,,
Cabrillo,9.000%,Los Angeles,,,,
Cadiz,8.000%,San Bernardino,,,,
Calabasas Highlands,9.000%,Los Angeles,,,,
Calabasas Park,9.000%,Los Angeles,,,,
Calabasas*,9.000%,Los Angeles,,,,
Calexico*,8.500%,Imperial,,,,
Caliente,7.500%,Kern,,,,
California City*,7.500%,Kern,,,,
California Hot Springs,8.000%,Tulare,,,,
California Valley,7.500%,San Luis Obispo,,,,
Calimesa*,8.000%,Riverside,,,,
Calipatria*,8.000%,Imperial,,,,
Calistoga*,8.000%,Napa,,,,
Callahan,7.500%,Siskiyou,,,,
Calpella,7.625%,Mendocino,,,,
Calpine,7.500%,Sierra,,,,
Calwa,8.225%,Fresno,,,,
Camarillo*,7.500%,Ventura,,,,
Cambria,7.500%,San Luis Obispo,,,,
Cambrian Park,8.750%,Santa Clara,,,,
Cameron Park,7.500%,El Dorado,,,,
Camino,7.500%,El Dorado,,,,
Camp Beale,7.500%,Yuba,,,,
Camp Connell,7.500%,Calaveras,,,,
Camp Curry,8.000%,Mariposa,,,,
Camp Kaweah,8.000%,Tulare,,,,
Camp Meeker,8.250%,Sonoma,,,,
Camp Nelson,8.000%,Tulare,,,,
Camp Pendleton,8.000%,San Diego,,,,
Camp Roberts,7.500%,Monterey,,,,
Campbell*,9.000%,Santa Clara,,,,
Campo,8.000%,San Diego,,,,
Campo Seco,7.500%,Calaveras,,,,
Camptonville,7.500%,Yuba,,,,
Canby,7.500%,Modoc,,,,
Canoga Annex,9.000%,Los Angeles,,,,
Canoga Park (Los Angeles*),9.000%,Los Angeles,,,,
Cantil,7.500%,Kern,,,,
Cantua Creek,8.225%,Fresno,,,,
Canyon,8.500%,Contra Costa,,,,
Canyon Country (Santa Clarita*),9.000%,Los Angeles,,,,
Canyon Lake*,8.000%,Riverside,,,,
Canyondam,7.500%,Plumas,,,,
Capay,7.500%,Yolo,,,,
Capistrano Beach (Dana Point*),8.000%,Orange,,,,
Capitola*,8.750%,Santa Cruz,,,,
Cardiff By The Sea (Encinitas*),8.000%,San Diego,,,,
Cardwell,8.225%,Fresno,,,,
Carlotta,7.500%,Humboldt,,,,
Carlsbad*,8.000%,San Diego,,,,
Carmel Rancho,7.500%,Monterey,,,,
Carmel Valley,7.500%,Monterey,,,,
Carmel*,8.500%,Monterey,,,,
Carmichael,8.000%,Sacramento,,,,
Carnelian Bay,7.500%,Placer,,,,
Carpinteria*,8.000%,Santa Barbara,,,,
Carson*,9.000%,Los Angeles,,,,
Cartago,8.000%,Inyo,,,,
Caruthers,8.225%,Fresno,,,,
Casitas Springs,7.500%,Ventura,,,,
Casmalia,8.000%,Santa Barbara,,,,
Caspar,7.625%,Mendocino,,,,
Cassel,7.500%,Shasta,,,,
Castaic,9.000%,Los Angeles,,,,
Castella,7.500%,Shasta,,,,
Castle A.F.B.,7.500%,Merced,,,,
Castro Valley,9.000%,Alameda,,,,
Castroville,7.500%,Monterey,,,,
Cathedral City*,9.000%,Riverside,,,,
Catheys Valley,8.000%,Mariposa,,,,
Cayucos,7.500%,San Luis Obispo,,,,
Cazadero,8.250%,Sonoma,,,,
Cecilville,7.500%,Siskiyou,,,,
Cedar,9.000%,Los Angeles,,,,
Cedar Crest,8.225%,Fresno,,,,
Cedar Glen,8.000%,San Bernardino,,,,
Cedar Ridge,7.625%,Nevada,,,,
Cedarpines Park,8.000%,San Bernardino,,,,
Cedarville,7.500%,Modoc,,,,
Central Valley,7.500%,Shasta,,,,
Century City,9.000%,Los Angeles,,,,
Ceres*,8.125%,Stanislaus,,,,
Cerritos*,9.000%,Los Angeles,,,,
Challenge,7.500%,Yuba,,,,
Chambers Lodge,7.500%,Placer,,,,
Charter Oak,9.000%,Los Angeles,,,,
Chatsworth (Los Angeles*),9.000%,Los Angeles,,,,
Cherry Valley,8.000%,Riverside,,,,
Chester,7.500%,Plumas,,,,
Chicago Park,7.625%,Nevada,,,,
Chico*,7.500%,Butte,,,,
Chilcoot,7.500%,Plumas,,,,
China Lake NWC (Ridgecrest*),7.500%,Kern,,,,
Chinese Camp,7.500%,Tuolumne,,,,
Chino Hills*,8.000%,San Bernardino,,,,
Chino*,8.000%,San Bernardino,,,,
Chiriaco Summit,8.000%,Riverside,,,,
Cholame,7.500%,San Luis Obispo,,,,
Chowchilla*,8.000%,Madera,,,,
Chualar,7.500%,Monterey,,,,
Chula Vista*,8.000%,San Diego,,,,
Cima,8.000%,San Bernardino,,,,
Citrus Heights*,8.000%,Sacramento,,,,
City of Commerce*,9.500%,Los Angeles,,,,
City of Industry*,9.000%,Los Angeles,,,,
City Terrace,9.000%,Los Angeles,,,,
Claremont*,9.000%,Los Angeles,,,,
Clarksburg,7.500%,Yolo,,,,
Clayton*,8.500%,Contra Costa,,,,
Clear Creek,7.500%,Siskiyou,,,,
Clearlake Highlands (Clearlake*),8.000%,Lake,,,,
Clearlake Oaks,7.500%,Lake,,,,
Clearlake Park (Clearlake*),8.000%,Lake,,,,
Clearlake*,8.000%,Lake,,,,
Clements,8.000%,San Joaquin,,,,
Clinter,8.225%,Fresno,,,,
Clio,7.500%,Plumas,,,,
Clipper Mills,7.500%,Butte,,,,
Cloverdale*,8.250%,Sonoma,,,,
Clovis*,8.225%,Fresno,,,,
Coachella*,8.000%,Riverside,,,,
Coalinga*,8.225%,Fresno,,,,
Coarsegold,8.000%,Madera,,,,
Cobb,7.500%,Lake,,,,
Cohasset,7.500%,Butte,,,,
Cole,9.000%,Los Angeles,,,,
Coleville,7.500%,Mono,,,,
Colfax*,7.500%,Placer,,,,
College City,7.500%,Colusa,,,,
College Grove Center,8.000%,San Diego,,,,
Colma*,9.000%,San Mateo,,,,
Coloma,7.500%,El Dorado,,,,
Colorado,8.000%,Mariposa,,,,
Colton*,8.000%,San Bernardino,,,,
Columbia,7.500%,Tuolumne,,,,
Colusa*,7.500%,Colusa,,,,
Commerce*,9.500%,Los Angeles,,,,
Comptche,7.625%,Mendocino,,,,
Compton*,9.000%,Los Angeles,,,,
Concord*,9.000%,Contra Costa,,,,
Cool,7.500%,El Dorado,,,,
Copperopolis,7.500%,Calaveras,,,,
Corcoran*,7.500%,Kings,,,,
Cornell,9.000%,Los Angeles,,,,
Corning*,7.500%,Tehama,,,,
Corona Del Mar (Newport Beach*),8.000%,Orange,,,,
Corona*,8.000%,Riverside,,,,
Coronado*,8.000%,San Diego,,,,
Corralitos,8.250%,Santa Cruz,,,,
Corte Madera*,9.000%,Marin,,,,
Coso Junction,8.000%,Inyo,,,,
Costa Mesa*,8.000%,Orange,,,,
Cotati*,8.750%,Sonoma,,,,
Coto De Caza,8.000%,Orange,,,,
Cottonwood,7.500%,Shasta,,,,
Coulterville,8.000%,Mariposa,,,,
Courtland,8.000%,Sacramento,,,,
Covelo,7.625%,Mendocino,,,,
Covina*,9.000%,Los Angeles,,,,
Cowan Heights,8.000%,Orange,,,,
Coyote,8.750%,Santa Clara,,,,
Crannell,7.500%,Humboldt,,,,
Crenshaw,9.000%,Los Angeles,,,,
Crescent City*,7.500%,Del Norte,,,,
Crescent Mills,7.500%,Plumas,,,,
Cressey,7.500%,Merced,,,,
Crest,8.000%,San Diego,,,,
Crest Park,8.000%,San Bernardino,,,,
Cresta Blanca,9.000%,Alameda,,,,
Crestline,8.000%,San Bernardino,,,,
Creston,7.500%,San Luis Obispo,,,,
Crockett,8.500%,Contra Costa,,,,
Cromberg,7.500%,Plumas,,,,
Cross Roads,8.000%,San Bernardino,,,,
Crowley Lake,7.500%,Mono,,,,
Crows Landing,7.625%,Stanislaus,,,,
Cucamonga (Rancho Cucamonga*),8.000%,San Bernardino,,,,
Cudahy*,9.000%,Los Angeles,,,,
Culver City*,9.500%,Los Angeles,,,,
Cummings,7.625%,Mendocino,,,,
Cupertino*,8.750%,Santa Clara,,,,
Curry Village,8.000%,Mariposa,,,,
Cutler,8.000%,Tulare,,,,
Cutten,7.500%,Humboldt,,,,
Cuyama,8.000%,Santa Barbara,,,,
Cypress*,8.000%,Orange ,,,,
Daggett,8.000%,San Bernardino,,,,
Dairy Farm,7.625%,Solano,,,,
Daly City*,9.000%,San Mateo,,,,
Dana Point*,8.000%,Orange,,,,
Danville*,8.500%,Contra Costa,,,,
Dardanelle,7.500%,Tuolumne,,,,
Darwin,8.000%,Inyo,,,,
Davenport,8.250%,Santa Cruz,,,,
Davis Creek,7.500%,Modoc,,,,
Davis* (U.C. Davis campus rate is 7.50%),8.000%,Yolo,,,,
Death Valley,8.000%,Inyo,,,,
Death Valley Junction,8.000%,Inyo,,,,
Deer Park,8.000%,Napa,,,,
Del Kern (Bakersfield*),7.500%,Kern,,,,
Del Mar Heights (Morro Bay*),8.000%,San Luis Obispo,,,,
Del Mar*,8.000%,San Diego,,,,
Del Monte Park (Monterey*),7.500%,Monterey,,,,
Del Rey,8.225%,Fresno,,,,
Del Rey Oaks*,8.500%,Monterey,,,,
Del Rosa,8.000%,San Bernardino,,,,
Del Sur,9.000%,Los Angeles,,,,
Delano*,8.500%,Kern,,,,
Deleven,7.500%,Colusa,,,,
Delhi,7.500%,Merced,,,,
Denair,7.625%,Stanislaus,,,,
Denny,7.500%,Trinity,,,,
Descanso,8.000%,San Diego,,,,
Desert Center,8.000%,Riverside,,,,
Desert Hot Springs*,8.000%,Riverside,,,,
Di Giorgio,7.500%,Kern,,,,
Diablo,8.500%,Contra Costa,,,,
Diamond Bar*,9.000%,Los Angeles,,,,
Diamond Springs,7.500%,El Dorado,,,,
Dillon Beach,8.500%,Marin,,,,
Dinkey Creek,8.225%,Fresno,,,,
Dinuba*,8.750%,Tulare,,,,
Discovery Bay,8.500%,Contra Costa,,,,
Dixon*,7.625%,Solano,,,,
Dobbins,7.500%,Yuba,,,,
Dogtown,8.500%,Marin,,,,
Dollar Ranch,8.500%,Contra Costa,,,,
Dorris*,7.500%,Siskiyou,,,,
Dos Palos*,7.500%,Merced,,,,
Dos Rios,7.625%,Mendocino,,,,
Douglas City,7.500%,Trinity,,,,
Douglas Flat,7.500%,Calaveras,,,,
Downey*,9.000%,Los Angeles,,,,
Downieville,7.500%,Sierra,,,,
Doyle,7.500%,Lassen,,,,
Drytown,8.000%,Amador,,,,
Duarte*,9.000%,Los Angeles,,,,
Dublin*,9.000%,Alameda,,,,
Ducor,8.000%,Tulare,,,,
Dulzura,8.000%,San Diego,,,,
Duncans Mills,8.250%,Sonoma,,,,
Dunlap,8.225%,Fresno,,,,
Dunnigan,7.500%,Yolo,,,,
Dunsmuir*,7.500%,Siskiyou,,,,
Durham,7.500%,Butte,,,,
Dutch Flat,7.500%,Placer,,,,
Eagle Mountain,8.000%,Riverside,,,,
Eagle Rock (Los Angeles*),9.000%,Los Angeles,,,,
Eagleville,7.500%,Modoc,,,,
Earlimart,8.000%,Tulare,,,,
Earp,8.000%,San Bernardino,,,,
East Highlands (Highland*),8.000%,San Bernardino,,,,
East Irvine (Irvine*),8.000%,Orange,,,,
East Los Angeles,9.000%,Los Angeles,,,,
East Lynwood (Lynwood*),9.000%,Los Angeles,,,,
East Nicolaus,7.500%,Sutter,,,,
East Palo Alto*,9.000%,San Mateo,,,,
East Porterville,8.000%,Tulare,,,,
East Rancho Dominguez,9.000%,Los Angeles,,,,
East San Pedro (Los Angeles*),9.000%,Los Angeles,,,,
Eastgate,9.000%,Los Angeles,,,,
Easton,8.225%,Fresno,,,,
Eastside,8.000%,San Bernardino,,,,
Eastvale*,8.000%,Riverside,,,,
Echo Lake,7.500%,El Dorado,,,,
Echo Park (Los Angeles*),9.000%,Los Angeles,,,,
Edgemont (Moreno Valley*),8.000%,Riverside,,,,
Edgewood,7.500%,Siskiyou,,,,
Edison,7.500%,Kern,,,,
Edwards,7.500%,Kern,,,,
Edwards A.F.B.,7.500%,Kern,,,,
El Cajon*,9.000%,San Diego,,,,
El Centro*,8.000%,Imperial,,,,
El Cerrito*,9.500%,Contra Costa,,,,
El Dorado,7.500%,El Dorado,,,,
El Dorado Hills,7.500%,El Dorado,,,,
El Granada,9.000%,San Mateo,,,,
El Macero,7.500%,Yolo,,,,
El Modena,8.000%,Orange,,,,
El Monte*,9.500%,Los Angeles,,,,
El Nido,7.500%,Merced,,,,
El Portal,8.000%,Mariposa,,,,
El Segundo*,9.000%,Los Angeles,,,,
El Sobrante,8.500%,Contra Costa,,,,
El Toro (Lake Forest*),8.000%,Orange,,,,
El Toro M.C.A.S.,8.000%,Orange,,,,
El Verano,8.250%,Sonoma,,,,
El Viejo,7.625%,Stanislaus,,,,
Eldridge,8.250%,Sonoma,,,,
Elizabeth Lake,9.000%,Los Angeles,,,,
Elk,7.625%,Mendocino,,,,
Elk Creek,7.500%,Glenn,,,,
Elk Grove*,8.000%,Sacramento,,,,
Elmira,7.625%,Solano,,,,
Elmwood,9.000%,Alameda,,,,
Elverta,8.000%,Sacramento,,,,
Emerald Hills (Redwood City*),9.000%,San Mateo,,,,
Emeryville*,9.000%,Alameda,,,,
Emigrant Gap,7.500%,Placer,,,,
Empire,7.625%,Stanislaus,,,,
Encinitas*,8.000%,San Diego,,,,
Encino (Los Angeles*),9.000%,Los Angeles,,,,
Enterprise,7.500%,Shasta,,,,
Escalon*,8.000%,San Joaquin,,,,
Escondido*,8.000%,San Diego,,,,
Esparto,7.500%,Yolo,,,,
Essex,8.000%,San Bernardino,,,,
Etiwanda (Rancho Cucamonga*),8.000%,San Bernardino,,,,
Etna*,7.500%,Siskiyou,,,,
Ettersburg,7.500%,Humboldt,,,,
Eureka*,8.250%,Humboldt,,,,
Exeter*,8.000%,Tulare,,,,
Fair Oaks,8.000%,Sacramento,,,,
Fairfax*,9.000%,Marin,,,,
Fairfield*,8.625%,Solano,,,,
Fairmount,8.500%,Contra Costa,,,,
Fall River Mills,7.500%,Shasta,,,,
Fallbrook,8.000%,San Diego,,,,
Fallbrook Junction,8.000%,San Diego,,,,
Fallen Leaf,7.500%,El Dorado,,,,
Fallon,8.500%,Marin,,,,
Fancher,8.225%,Fresno,,,,
Farmersville*,8.500%,Tulare,,,,
Farmington,8.000%,San Joaquin,,,,
Fawnskin,8.000%,San Bernardino,,,,
Feather Falls,7.500%,Butte,,,,
Fellows,7.500%,Kern,,,,
Felton,8.250%,Santa Cruz,,,,
Fenner,8.000%,San Bernardino,,,,
Fernbridge (Fortuna*),7.500%,Humboldt,,,,
Ferndale*,7.500%,Humboldt,,,,
Fiddletown,8.000%,Amador,,,,
Fields Landing,7.500%,Humboldt,,,,
Fig Garden Village (Fresno*),8.225%,Fresno,,,,
Fillmore*,7.500%,Ventura,,,,
Finley,7.500%,Lake,,,,
Firebaugh*,8.225%,Fresno,,,,
Fish Camp,8.000%,Mariposa,,,,
Five Points,8.225%,Fresno,,,,
Flinn Springs,8.000%,San Diego,,,,
Flintridge (LaCanada/ Flintridge*),9.000%,Los Angeles,,,,
Florence,9.000%,Los Angeles,,,,
Floriston,7.625%,Nevada,,,,
Flournoy,7.500%,Tehama,,,,
Folsom*,8.000%,Sacramento,,,,
Fontana*,8.000%,San Bernardino,,,,
Foothill Ranch,8.000%,Orange,,,,
Forbestown,7.500%,Butte,,,,
Forest Falls,8.000%,San Bernardino,,,,
Forest Glen,7.500%,Trinity,,,,
Forest Knolls,8.500%,Marin,,,,
Forest Park,9.000%,Los Angeles,,,,
Forest Ranch,7.500%,Butte,,,,
Foresthill,7.500%,Placer,,,,
Forestville,8.250%,Sonoma,,,,
Forks of Salmon,7.500%,Siskiyou,,,,
Fort Bidwell,7.500%,Modoc,,,,
Fort Bragg*,8.625%,Mendocino,,,,
Fort Dick,7.500%,Del Norte,,,,
Fort Irwin,8.000%,San Bernardino,,,,
Fort Jones*,7.500%,Siskiyou,,,,
Fort Ord (Seaside*),7.500%,Monterey,,,,
Fort Seward,7.500%,Humboldt,,,,
Fortuna*,7.500%,Humboldt,,,,
Foster City*,9.000%,San Mateo,,,,
Fountain Valley*,8.000%,Orange,,,,
Fowler*,8.225%,Fresno,,,,
Frazier Park,7.500%,Kern,,,,
Freedom,8.250%,Santa Cruz,,,,
Freedom (Watsonville*),8.500%,Santa Cruz,,,,
Freeport,8.000%,Sacramento,,,,
Freestone,8.250%,Sonoma,,,,
Fremont*,9.000%,Alameda,,,,
French Camp,8.000%,San Joaquin,,,,
French Gulch,7.500%,Shasta,,,,
Freshwater,7.500%,Humboldt,,,,
Fresno*,8.225%,Fresno,,,,
Friant,8.225%,Fresno,,,,
Friendly Valley (Santa Clarita*),9.000%,Los Angeles,,,,
Frontera,8.000%,Riverside,,,,
Fullerton*,8.000%,Orange,,,,
Fulton,8.250%,Sonoma,,,,
Galt*,8.500%,Sacramento,,,,
Garberville,7.500%,Humboldt,,,,
Garden Grove*,8.000%,Orange,,,,
Garden Valley,7.500%,El Dorado,,,,
Gardena*,9.000%,Los Angeles,,,,
Garey,8.000%,Santa Barbara,,,,
Garnet,8.000%,Riverside,,,,
Gasquet,7.500%,Del Norte,,,,
Gaviota,8.000%,Santa Barbara,,,,
Gazelle,7.500%,Siskiyou,,,,
George A.F.B.,8.000%,San Bernardino,,,,
Georgetown,7.500%,El Dorado,,,,
Gerber,7.500%,Tehama,,,,
Geyserville,8.250%,Sonoma,,,,
Giant Forest,8.000%,Tulare,,,,
Gillman Hot Springs,8.000%,Riverside,,,,
Gilroy*,8.750%,Santa Clara,,,,
Glassell Park (Los Angeles*),9.000%,Los Angeles,,,,
Glen Avon,8.000%,Riverside,,,,
Glen Ellen,8.250%,Sonoma,,,,
Glenburn,7.500%,Shasta,,,,
Glencoe,7.500%,Calaveras,,,,
Glendale*,9.000%,Los Angeles,,,,
Glendora*,9.000%,Los Angeles,,,,
Glenhaven,7.500%,Lake,,,,
Glenn,7.500%,Glenn,,,,
Glennville,7.500%,Kern,,,,
Gold River (Rancho Cordova*),8.000%,Sacramento,,,,
Gold Run,7.500%,Placer,,,,
Golden Hills,7.500%,Kern,,,,
Goleta*,8.000%,Santa Barbara,,,,
Gonzales*,7.500%,Monterey,,,,
Goodyears Bar,7.500%,Sierra,,,,
Gorman,9.000%,Los Angeles,,,,
Goshen,8.000%,Tulare,,,,
Government Island,9.000%,Alameda,,,,
Graeagle,7.500%,Plumas,,,,
Granada Hills (Los Angeles*),9.000%,Los Angeles,,,,
Grand Terrace*,8.000%,San Bernardino,,,,
Granite Bay,7.500%,Placer,,,,
Grass Valley*,8.125%,Nevada,,,,
Graton,8.250%,Sonoma,,,,
Green Valley,9.000%,Los Angeles,,,,
Green Valley Lake,8.000%,San Bernardino,,,,
Greenacres,7.500%,Kern,,,,
Greenbrae (Larkspur*),9.000%,Marin,,,,
Greenfield*,8.500%,Monterey,,,,
Greenview,7.500%,Siskiyou,,,,
Greenville,7.500%,Plumas,,,,
Greenwood,7.500%,El Dorado,,,,
Grenada,7.500%,Siskiyou,,,,
Gridley*,7.500%,Butte,,,,
Grimes,7.500%,Colusa,,,,
Grizzly Flats,7.500%,El Dorado,,,,
Groveland,7.500%,Tuolumne,,,,
Grover Beach*,8.000%,San Luis Obispo,,,,
Guadalupe*,8.000%,Santa Barbara,,,,
Gualala,7.625%,Mendocino,,,,
Guasti (Ontario*),8.000%,San Bernardino,,,,
Guatay,8.000%,San Diego,,,,
Guerneville,8.250%,Sonoma,,,,
Guinda,7.500%,Yolo,,,,
Gustine*,8.000%,Merced,,,,
Hacienda Heights,9.000%,Los Angeles,,,,
Halcyon,7.500%,San Luis Obispo,,,,
Half Moon Bay*,9.500%,San Mateo,,,,
Hamilton A.F.B. (Novato*),9.000%,Marin,,,,
Hamilton City,7.500%,Glenn,,,,
Hanford*,7.500%,Kings,,,,
Happy Camp,7.500%,Siskiyou,,,,
Harbison Canyon,8.000%,San Diego,,,,
Harbor City (Los Angeles*),9.000%,Los Angeles,,,,
Harmony,7.500%,San Luis Obispo,,,,
Harris,7.500%,Humboldt,,,,
Hat Creek,7.500%,Shasta,,,,
Hathaway Pines,7.500%,Calaveras,,,,
Havasu Lake,8.000%,San Bernardino,,,,
Hawaiian Gardens*,9.000%,Los Angeles,,,,
Hawthorne*,9.000%,Los Angeles,,,,
Hayfork,7.500%,Trinity,,,,
Hayward*,9.000%,Alameda,,,,
Hazard,9.000%,Los Angeles,,,,
Healdsburg*,8.750%,Sonoma,,,,
Heber,8.000%,Imperial,,,,
Helena,7.500%,Trinity,,,,
Helendale,8.000%,San Bernardino,,,,
Helm,8.225%,Fresno,,,,
Hemet*,8.000%,Riverside,,,,
Herald,8.000%,Sacramento,,,,
Hercules*,9.000%,Contra Costa,,,,
Herlong,7.500%,Lassen,,,,
Hermosa Beach*,9.000%,Los Angeles,,,,
Herndon,8.225%,Fresno,,,,
Hesperia*,8.000%,San Bernardino,,,,
Heyer,9.000%,Alameda,,,,
Hickman,7.625%,Stanislaus,,,,
Hidden Hills*,9.000%,Los Angeles,,,,
Highgrove,8.000%,Riverside,,,,
Highland Park (Los Angeles*),9.000%,Los Angeles,,,,
Highland*,8.000%,San Bernardino,,,,
Highway City (Fresno*),8.225%,Fresno,,,,
Hillcrest (San Diego*),8.000%,San Diego,,,,
Hillsborough*,9.000%,San Mateo,,,,
Hillsdale (San Mateo*),9.250%,San Mateo,,,,
Hilmar,7.500%,Merced,,,,
Hilt,7.500%,Siskiyou,,,,
Hinkley,8.000%,San Bernardino,,,,
Hobergs,7.500%,Lake,,,,
Hollister*,8.500%,San Benito,,,,
Hollywood (Los Angeles*),9.000%,Los Angeles,,,,
Holmes,7.500%,Humboldt,,,,
Holt,8.000%,San Joaquin,,,,
Holtville*,8.000%,Imperial,,,,
Holy City,8.750%,Santa Clara,,,,
Homeland,8.000%,Riverside,,,,
Homestead,7.500%,Kern,,,,
Homestead,8.000%,Riverside,,,,
Homewood,7.500%,Placer,,,,
Honby,9.000%,Los Angeles,,,,
Honeydew,7.500%,Humboldt,,,,
Hood,8.000%,Sacramento,,,,
Hoopa,7.500%,Humboldt,,,,
Hope Valley (Forest Camp),7.500%,Alpine,,,,
Hopland,7.625%,Mendocino,,,,
Hornbrook,7.500%,Siskiyou,,,,
Hornitos,8.000%,Mariposa,,,,
Horse Creek,7.500%,Siskiyou,,,,
Horse Lake,7.500%,Lassen,,,,
Hughson*,7.625%,Stanislaus,,,,
Hume,8.225%,Fresno,,,,
Huntington,8.000%,Orange,,,,
Huntington Beach*,8.000%,Orange,,,,
Huntington Lake,8.225%,Fresno,,,,
Huntington Park*,9.000%,Los Angeles,,,,
Huron*,9.225%,Fresno,,,,
Hyampom,7.500%,Trinity,,,,
Hyde Park (Los Angeles*),9.000%,Los Angeles,,,,
Hydesville,7.500%,Humboldt,,,,
Idria,7.500%,San Benito,,,,
Idyllwild,8.000%,Riverside,,,,
Ignacio (Novato*),9.000%,Marin,,,,
Igo,7.500%,Shasta,,,,
Imola (Napa*),8.000%,Napa,,,,
Imperial Beach*,8.000%,San Diego,,,,
Imperial*,8.000%,Imperial,,,,
Independence,8.000%,Inyo,,,,
Indian Wells*,8.000%,Riverside,,,,
Indio*,8.000%,Riverside,,,,
Industry*,9.000%,Los Angeles,,,,
Inglewood*,9.500%,Los Angeles,,,,
Inverness,8.500%,Marin,,,,
Inyo,8.000%,Inyo,,,,
Inyokern,7.500%,Kern,,,,
Ione*,8.000%,Amador,,,,
Iowa Hill,7.500%,Placer,,,,
Irvine*,8.000%,Orange,,,,
Irwindale*,9.000%,Los Angeles,,,,
Isla Vista,8.000%,Santa Barbara,,,,
Island Mountain,7.500%,Trinity,,,,
Isleton*,8.000%,Sacramento,,,,
Ivanhoe,8.000%,Tulare,,,,
Ivanpah,8.000%,San Bernardino,,,,
Jackson*,8.000%,Amador,,,,
Jacumba,8.000%,San Diego,,,,
Jamacha,8.000%,San Diego,,,,
Jamestown,7.500%,Tuolumne,,,,
Jamul,8.000%,San Diego,,,,
Janesville,7.500%,Lassen,,,,
Jenner,8.250%,Sonoma,,,,
Johannesburg,7.500%,Kern,,,,
Johnsondale,8.000%,Tulare,,,,
Johnstonville,7.500%,Lassen,,,,
Johnstown,8.000%,San Diego,,,,
Jolon,7.500%,Monterey,,,,
Joshua Tree,8.000%,San Bernardino,,,,
Julian,8.000%,San Diego,,,,
Junction City,7.500%,Trinity,,,,
June Lake,7.500%,Mono,,,,
Juniper,7.500%,Lassen,,,,
Jurupa Valley*,8.000%,Riverside,,,,
Kagel Canyon,9.000%,Los Angeles,,,,
Kaweah,8.000%,Tulare,,,,
Keddie,7.500%,Plumas,,,,
Keeler,8.000%,Inyo,,,,
Keene,7.500%,Kern,,,,
Kelsey,7.500%,El Dorado,,,,
Kelseyville,7.500%,Lake,,,,
Kelso,8.000%,San Bernardino,,,,
Kensington,8.500%,Contra Costa,,,,
Kentfield,8.500%,Marin,,,,
Kenwood,8.250%,Sonoma,,,,
Kerman*,8.225%,Fresno,,,,
Kernville,7.500%,Kern,,,,
Keswick,7.500%,Shasta,,,,
Kettleman City,7.500%,Kings,,,,
Keyes,7.625%,Stanislaus,,,,
King City*,7.500%,Monterey,,,,
Kings Beach,7.500%,Placer,,,,
Kings Canyon National Park,8.000%,Tulare,,,,
Kingsburg*,8.225%,Fresno,,,,
Kinyon,7.500%,Siskiyou,,,,
Kirkwood,7.500%,Alpine,,,,
Kit Carson,8.000%,Amador,,,,
Klamath,7.500%,Del Norte,,,,
Klamath River,7.500%,Siskiyou,,,,
Kneeland,7.500%,Humboldt,,,,
Knights Ferry,7.625%,Stanislaus,,,,
Knights Landing,7.500%,Yolo,,,,
Knightsen,8.500%,Contra Costa,,,,
Korbel,7.500%,Humboldt,,,,
Korbel,8.250%,Sonoma,,,,
Kyburz,7.500%,El Dorado,,,,
L.A. Airport (Los Angeles*),9.000%,Los Angeles,,,,
La Canada- Flintridge*,9.000%,Los Angeles,,,,
La Crescenta,9.000%,Los Angeles,,,,
La Cresta Village,7.500%,Kern,,,,
La Grange,7.625%,Stanislaus,,,,
La Habra Heights*,9.000%,Los Angeles,,,,
La Habra*,8.500%,Orange,,,,
La Honda,9.000%,San Mateo,,,,
La Jolla (San Diego*),8.000%,San Diego,,,,
La Mesa*,8.750%,San Diego,,,,
La Mirada*,10.000%,Los Angeles,,,,
La Palma*,8.000%,Orange,,,,
La Porte,7.500%,Plumas,,,,
La Puente*,9.000%,Los Angeles,,,,
La Quinta*,8.000%,Riverside,,,,
La Selva Beach,8.250%,Santa Cruz,,,,
La Verne*,9.000%,Los Angeles,,,,
La Vina,9.000%,Los Angeles,,,,
Ladera,9.000%,San Mateo,,,,
Ladera Heights,9.000%,Los Angeles,,,,
Ladera Ranch,8.000%,Orange,,,,
Lafayette*,8.500%,Contra Costa,,,,
Laguna Beach*,8.000%,Orange,,,,
Laguna Hills*,8.000%,Orange,,,,
Laguna Niguel*,8.000%,Orange,,,,
Laguna Woods*,8.000%,Orange,,,,
Lagunitas,8.500%,Marin,,,,
Lake Alpine,7.500%,Alpine,,,,
Lake Arrowhead,8.000%,San Bernardino,,,,
Lake City,7.500%,Modoc,,,,
Lake City,7.625%,Nevada,,,,
Lake Elsinore*,8.000%,Riverside,,,,
Lake Forest*,8.000%,Orange,,,,
Lake Hughes,9.000%,Los Angeles,,,,
Lake Isabella,7.500%,Kern,,,,
Lake Los Angeles,9.000%,Los Angeles,,,,
Lake Mary,7.500%,Mono,,,,
Lake San Marcos,8.000%,San Diego,,,,
Lake Shastina,7.500%,Siskiyou,,,,
Lake Sherwood,7.500%,Ventura,,,,
Lakehead,7.500%,Shasta,,,,
Lakeport*,8.000%,Lake,,,,
Lakeshore,8.225%,Fresno,,,,
Lakeside,8.000%,San Diego,,,,
Lakeview,8.000%,Riverside,,,,
Lakeview Terrace (Los Angeles*),9.000%,Los Angeles,,,,
Lakewood*,9.000%,Los Angeles,,,,
Lamont,7.500%,Kern,,,,
Lancaster*,9.000%,Los Angeles,,,,
Landers,8.000%,San Bernardino,,,,
Landscape,9.000%,Alameda,,,,
Lang,9.000%,Los Angeles,,,,
Larkfield,8.250%,Sonoma,,,,
Larkspur*,9.000%,Marin,,,,
Larwin Plaza,7.625%,Solano,,,,
Lathrop*,9.000%,San Joaquin,,,,
Laton,8.225%,Fresno,,,,
Lawndale*,9.000%,Los Angeles,,,,
Laws,8.000%,Inyo,,,,
Laytonville,7.625%,Mendocino,,,,
Le Grand (Also Legrand),7.500%,Merced,,,,
Lebec,7.500%,Kern,,,,
Lee Vining,7.500%,Mono,,,,
Leggett,7.625%,Mendocino,,,,
Leisure World,8.000%,Orange,,,,
Leisure World (Seal Beach*),8.000%,Orange,,,,
Lemon Grove*,8.000%,San Diego,,,,
Lemoncove,8.000%,Tulare,,,,
Lemoore*,7.500%,Kings,,,,
Lennox,9.000%,Los Angeles,,,,
Lenwood,8.000%,San Bernardino,,,,
Leona Valley,9.000%,Los Angeles,,,,
Leucadia (Encinitas*),8.000%,San Diego,,,,
Lewiston,7.500%,Trinity,,,,
Liberty Farms,7.625%,Solano,,,,
Likely,7.500%,Modoc,,,,
Lincoln Acres,8.000%,San Diego,,,,
Lincoln Heights (Los Angeles*),9.000%,Los Angeles,,,,
Lincoln Village,8.000%,San Joaquin,,,,
Lincoln*,7.500%,Placer,,,,
Linda,7.500%,Yuba,,,,
Linden,8.000%,San Joaquin,,,,
Lindsay*,8.000%,Tulare,,,,
Linnell,8.000%,Tulare,,,,
Litchfield,7.500%,Lassen,,,,
Little Lake,8.000%,Inyo,,,,
Little Norway,7.500%,El Dorado,,,,
Little Valley,7.500%,Lassen,,,,
Littleriver,7.625%,Mendocino,,,,
Littlerock (Also Little Rock),9.000%,Los Angeles,,,,
Live Oak ,8.250%,Santa Cruz,,,,
Live Oak*,7.500%,Sutter,,,,
Livermore*,9.000%,Alameda,,,,
Livingston*,7.500%,Merced,,,,
Llano,9.000%,Los Angeles,,,,
Loch Lomond,7.500%,Lake,,,,
Locke,8.000%,Sacramento,,,,
Lockeford,8.000%,San Joaquin,,,,
Lockheed,8.250%,Santa Cruz,,,,
Lockwood,7.500%,Monterey,,,,
Lodi*,8.000%,San Joaquin,,,,
Loleta,7.500%,Humboldt,,,,
Loma Linda*,8.000%,San Bernardino,,,,
Loma Mar,9.000%,San Mateo,,,,
Loma Rica,7.500%,Yuba,,,,
Lomita*,9.000%,Los Angeles,,,,
Lompoc*,8.000%,Santa Barbara,,,,
London,8.000%,Tulare,,,,
Lone Pine,8.000%,Inyo,,,,
Long Barn,7.500%,Tuolumne,,,,
Long Beach*,9.000%,Los Angeles,,,,
Longview,9.000%,Los Angeles,,,,
Lookout,7.500%,Modoc,,,,
Loomis*,7.500%,Placer,,,,
Lorre Estates,8.750%,Santa Clara,,,,
Los Alamitos*,8.000%,Orange,,,,
Los Alamos,8.000%,Santa Barbara,,,,
Los Altos Hills*,8.750%,Santa Clara,,,,
Los Altos*,8.750%,Santa Clara,,,,
Los Angeles*,9.000%,Los Angeles,,,,
Los Banos*,8.000%,Merced,,,,
Los Gatos*,8.750%,Santa Clara,,,,
Los Molinos,7.500%,Tehama,,,,
Los Nietos,9.000%,Los Angeles,,,,
Los Olivos,8.000%,Santa Barbara,,,,
Los Osos,7.500%,San Luis Obispo,,,,
Los Padres,7.500%,San Luis Obispo,,,,
Los Serranos (Chino Hills*),8.000%,San Bernardino,,,,
Lost Hills,7.500%,Kern,,,,
Lost Lake,8.000%,Riverside,,,,
Lotus,7.500%,El Dorado,,,,
Lower Lake,7.500%,Lake,,,,
Loyalton*,7.500%,Sierra,,,,
Lucerne,7.500%,Lake,,,,
Lucerne Valley,8.000%,San Bernardino,,,,
Lucia,7.500%,Monterey,,,,
Ludlow,8.000%,San Bernardino,,,,
Lugo,9.000%,Los Angeles,,,,
Lynwood*,9.000%,Los Angeles,,,,
Lytle Creek,8.000%,San Bernardino,,,,
Macdoel,7.500%,Siskiyou,,,,
Maclay,9.000%,Los Angeles,,,,
Mad River,7.500%,Trinity,,,,
Madeline,7.500%,Lassen,,,,
Madera*,8.000%,Madera,,,,
Madison,7.500%,Yolo,,,,
Magalia,7.500%,Butte,,,,
Malaga,8.225%,Fresno,,,,
Malibu*,9.000%,Los Angeles,,,,
Mammoth Lakes*,8.000%,Mono,,,,
Manhattan Beach*,9.000%,Los Angeles,,,,
Manteca*,8.500%,San Joaquin,,,,
Manton,7.500%,Tehama,,,,
Manzanita Lake,7.500%,Shasta,,,,
Mar Vista,9.000%,Los Angeles,,,,
Marcelina,9.000%,Los Angeles,,,,
March A.F.B.,8.000%,Riverside,,,,
Mare Island (Vallejo*),8.625%,Solano,,,,
Maricopa*,7.500%,Kern,,,,
Marin City,8.500%,Marin,,,,
Marina Del Rey,9.000%,Los Angeles,,,,
Marina*,8.500%,Monterey,,,,
Marine Corps (Twentynine Palms*),8.000%,San Bernardino,,,,
Mariner,8.000%,Orange,,,,
Mariposa,8.000%,Mariposa,,,,
Markleeville,7.500%,Alpine,,,,
Marsh Manor,9.000%,San Mateo,,,,
Marshall,8.500%,Marin,,,,
Martell,8.000%,Amador,,,,
Martinez*,8.500%,Contra Costa,,,,
Marysville*,7.500%,Yuba,,,,
Mather,7.500%,Tuolumne,,,,
Mather ,8.000%,Sacramento,,,,
Maxwell,7.500%,Colusa,,,,
Maywood*,9.000%,Los Angeles,,,,
McArthur,7.500%,Shasta,,,,
McClellan,8.000%,Sacramento,,,,
McCloud,7.500%,Siskiyou,,,,
McFarland*,7.500%,Kern,,,,
McKinleyville,7.500%,Humboldt,,,,
McKittrick,7.500%,Kern,,,,
Mead Valley,8.000%,Riverside,,,,
Meadow Valley,7.500%,Plumas,,,,
Meadow Vista,7.500%,Placer,,,,
Meadowbrook,8.000%,Riverside,,,,
Mecca,8.000%,Riverside,,,,
Meeks Bay,7.500%,El Dorado,,,,
Meiners Oaks,7.500%,Ventura,,,,
Mendocino,7.625%,Mendocino,,,,
Mendota*,8.225%,Fresno,,,,
Menifee*,8.000%,Riverside,,,,
Menlo Park*,9.000%,San Mateo,,,,
Mentone,8.000%,San Bernardino,,,,
Merced*,8.000%,Merced,,,,
Meridian,7.500%,Sutter,,,,
Mettler,7.500%,Kern,,,,
Meyers,7.500%,El Dorado,,,,
Middletown,7.500%,Lake,,,,
Midland,8.000%,Riverside,,,,
Midpines,8.000%,Mariposa,,,,
Midway City,8.000%,Orange,,,,
Milford,7.500%,Lassen,,,,
Mill Creek,7.500%,Tehama,,,,
Mill Valley*,8.500%,Marin,,,,
Millbrae*,9.000%,San Mateo,,,,
Millville,7.500%,Shasta,,,,
Milpitas*,8.750%,Santa Clara,,,,
Mineral,7.500%,Tehama,,,,
Mineral King,8.000%,Tulare,,,,
Mint Canyon,9.000%,Los Angeles,,,,
Mira Loma,8.000%,Riverside,,,,
Mira Vista,8.500%,Contra Costa,,,,
Miracle Hot Springs,7.500%,Kern,,,,
Miramar (San Diego*),8.000%,San Diego,,,,
Miramonte,8.225%,Fresno,,,,
Miranda,7.500%,Humboldt,,,,
Mission Hills (Los Angeles*),9.000%,Los Angeles,,,,
Mission Viejo*,8.000%,Orange,,,,
Mi-Wuk Village,7.500%,Tuolumne,,,,
Moccasin,7.500%,Tuolumne,,,,
Modesto*,7.625%,Stanislaus,,,,
Moffett Field,8.750%,Santa Clara,,,,
Mojave,7.500%,Kern,,,,
Mokelumne Hill,7.500%,Calaveras,,,,
Monarch Beach (Dana Point*),8.000%,Orange,,,,
Moneta,9.000%,Los Angeles,,,,
Mono Hot Springs,8.225%,Fresno,,,,
Mono Lake,7.500%,Mono,,,,
Monolith,7.500%,Kern,,,,
Monrovia*,9.000%,Los Angeles,,,,
Monta Vista,8.750%,Santa Clara,,,,
Montague*,7.500%,Siskiyou,,,,
Montalvo (Ventura*),7.500%,Ventura,,,,
Montara,9.000%,San Mateo,,,,
Montclair*,8.250%,San Bernardino,,,,
Monte Rio,8.250%,Sonoma,,,,
Monte Sereno*,8.750%,Santa Clara,,,,
Montebello*,9.000%,Los Angeles,,,,
Montecito,8.000%,Santa Barbara,,,,
Monterey Bay Academy,8.250%,Santa Cruz,,,,
Monterey Park*,9.000%,Los Angeles,,,,
Monterey*,7.500%,Monterey,,,,
Montgomery Creek,7.500%,Shasta,,,,
Montrose,9.000%,Los Angeles,,,,
Mooney,8.000%,Tulare,,,,
Moonridge,8.000%,San Bernardino,,,,
Moorpark*,7.500%,Ventura,,,,
Moraga*,9.500%,Contra Costa,,,,
Moreno Valley*,8.000%,Riverside,,,,
Morgan Hill*,8.750%,Santa Clara,,,,
Morongo Valley,8.000%,San Bernardino,,,,
Morro Bay*,8.000%,San Luis Obispo,,,,
Morro Plaza,7.500%,San Luis Obispo,,,,
Moss Beach,9.000%,San Mateo,,,,
Moss Landing,7.500%,Monterey,,,,
Mount Hamilton,8.750%,Santa Clara,,,,
Mount Hebron,7.500%,Siskiyou,,,,
Mount Hermon,8.250%,Santa Cruz,,,,
Mount Laguna,8.000%,San Diego,,,,
Mount Shasta*,7.750%,Siskiyou,,,,
Mount Wilson,9.000%,Los Angeles,,,,
Mountain Center,8.000%,Riverside,,,,
Mountain Mesa,7.500%,Kern,,,,
Mountain Pass,8.000%,San Bernardino,,,,
Mountain Ranch,7.500%,Calaveras,,,,
Mountain View*,8.750%,Santa Clara,,,,
Mt. Aukum,7.500%,El Dorado,,,,
Mt. Baldy,8.000%,San Bernardino,,,,
Murphys,7.500%,Calaveras,,,,
Murrieta*,8.000%,Riverside,,,,
Muscoy,8.000%,San Bernardino,,,,
Myers Flat,7.500%,Humboldt,,,,
Napa*,8.000%,Napa,,,,
Naples,9.000%,Los Angeles,,,,
Nashville,7.500%,El Dorado,,,,
National City*,9.000%,San Diego,,,,
Naval (Port Hueneme*),8.000%,Ventura,,,,
Naval (San Diego*),8.000%,San Diego,,,,
Naval Air Station (Alameda*),9.000%,Alameda,,,,
Naval Air Station (Coronado*),8.000%,San Diego,,,,
Naval Air Station (Lemoore*),7.500%,Kings,,,,
Naval Hospital (Oakland*),9.000%,Alameda,,,,
Naval Hospital (San Diego*),8.000%,San Diego,,,,
Naval Supply Center (Oakland*),9.000%,Alameda,,,,
Naval Training Center (San Diego*),8.000%,San Diego,,,,
Navarro,7.625%,Mendocino,,,,
Needles*,8.000%,San Bernardino,,,,
Nelson,7.500%,Butte,,,,
Nevada City*,8.500%,Nevada,,,,
New Almaden,8.750%,Santa Clara,,,,
New Cuyama,8.000%,Santa Barbara,,,,
New Idria,7.500%,San Benito,,,,
Newark*,9.000%,Alameda,,,,
Newberry,8.000%,San Bernardino,,,,
Newberry Springs,8.000%,San Bernardino,,,,
Newbury Park (Thousand Oaks*),7.500%,Ventura,,,,
Newcastle,7.500%,Placer,,,,
Newhall (Santa Clarita*),9.000%,Los Angeles,,,,
Newman*,7.625%,Stanislaus,,,,
Newport Beach*,8.000%,Orange,,,,
Nicasio,8.500%,Marin,,,,
Nice,7.500%,Lake,,,,
Nicolaus,7.500%,Sutter,,,,
Niland,8.000%,Imperial,,,,
Nipomo,7.500%,San Luis Obispo,,,,
Nipton,8.000%,San Bernardino,,,,
Norco*,8.000%,Riverside,,,,
Norden,7.625%,Nevada,,,,
North Edwards,7.500%,Kern,,,,
North Fork,8.000%,Madera,,,,
North Gardena,9.000%,Los Angeles,,,,
North Highlands,8.000%,Sacramento,,,,
North Hills (Los Angeles*),9.000%,Los Angeles,,,,
North Hollywood (Los Angeles*),9.000%,Los Angeles,,,,
North Palm Springs,8.000%,Riverside,,,,
North San Juan,7.625%,Nevada,,,,
North Shore,8.000%,Riverside,,,,
Northridge (Los Angeles*),9.000%,Los Angeles,,,,
Norton A.F.B. (San Bernardino*),8.250%,San Bernardino,,,,
Norwalk*,9.000%,Los Angeles,,,,
Novato*,9.000%,Marin,,,,
Nubieber,7.500%,Lassen,,,,
Nuevo,8.000%,Riverside,,,,
Nyeland Acres,7.500%,Ventura,,,,
Oak Park,7.500%,Ventura,,,,
Oak Run,7.500%,Shasta,,,,
Oak View,7.500%,Ventura,,,,
Oakdale*,8.125%,Stanislaus,,,,
Oakhurst,8.000%,Madera,,,,
Oakland*,9.000%,Alameda,,,,
Oakley*,8.500%,Contra Costa,,,,
Oakville,8.000%,Napa,,,,
Oasis,8.000%,Riverside,,,,
Oban,9.000%,Los Angeles,,,,
O'Brien,7.500%,Shasta,,,,
Occidental,8.250%,Sonoma,,,,
Oceano,7.500%,San Luis Obispo,,,,
Oceanside*,8.000%,San Diego,,,,
Ocotillo,8.000%,Imperial,,,,
Ocotillo Wells,8.000%,San Diego,,,,
Oildale,7.500%,Kern,,,,
Ojai*,7.500%,Ventura,,,,
Olancha,8.000%,Inyo,,,,
Old Station,7.500%,Shasta,,,,
Olema,8.500%,Marin,,,,
Olinda,7.500%,Shasta,,,,
Olive View (Los Angeles*),9.000%,Los Angeles,,,,
Olivehurst,7.500%,Yuba,,,,
Olivenhain (Encinitas*),8.000%,San Diego,,,,
Olympic Valley,7.500%,Placer,,,,
Omo Ranch,7.500%,El Dorado,,,,
O'Neals,8.000%,Madera,,,,
Ono,7.500%,Shasta,,,,
Ontario*,8.000%,San Bernardino,,,,
Onyx,7.500%,Kern,,,,
Opal Cliffs,8.250%,Santa Cruz,,,,
Orange Cove*,8.225%,Fresno,,,,
Orange*,8.000%,Orange,,,,
Orangevale,8.000%,Sacramento,,,,
Orcutt,8.000%,Santa Barbara,,,,
Ordbend,7.500%,Glenn,,,,
Oregon House,7.500%,Yuba,,,,
Orick,7.500%,Humboldt,,,,
Orinda*,9.000%,Contra Costa,,,,
Orland*,7.500%,Glenn,,,,
Orleans,7.500%,Humboldt,,,,
Oro Grande,8.000%,San Bernardino,,,,
Orosi,8.000%,Tulare,,,,
Oroville*,7.500%,Butte,,,,
Otay (Chula Vista*),8.000%,San Diego,,,,
Oxnard*,8.000%,Ventura,,,,
Pacheco,8.500%,Contra Costa,,,,
Pacific Grove*,8.500%,Monterey,,,,
Pacific House,7.500%,El Dorado,,,,
Pacific Palisades (Los Angeles*),9.000%,Los Angeles,,,,
Pacifica*,9.000%,San Mateo,,,,
Pacoima (Los Angeles*),9.000%,Los Angeles,,,,
Paicines,7.500%,San Benito,,,,
Pajaro,7.500%,Monterey,,,,
Pala,8.000%,San Diego,,,,
Palermo,7.500%,Butte,,,,
Pallett,9.000%,Los Angeles,,,,
Palm City,8.000%,Riverside,,,,
Palm City (San Diego*),8.000%,San Diego,,,,
Palm Desert*,8.000%,Riverside,,,,
Palm Springs*,9.000%,Riverside,,,,
Palmdale*,9.000%,Los Angeles,,,,
Palo Alto*,8.750%,Santa Clara,,,,
Palo Cedro,7.500%,Shasta,,,,
Palo Verde,8.000%,Imperial,,,,
Palomar Mountain,8.000%,San Diego,,,,
Palos Verdes Estates*,9.000%,Los Angeles,,,,
Palos Verdes/Peninsula,9.000%,Los Angeles,,,,
Panorama City (Los Angeles*),9.000%,Los Angeles,,,,
Paradise*,7.500%,Butte,,,,
Paramount*,9.000%,Los Angeles,,,,
Parker Dam,8.000%,San Bernardino,,,,
Parkfield,7.500%,Monterey,,,,
Parlier*,8.225%,Fresno,,,,
Pasadena*,9.000%,Los Angeles,,,,
Paskenta,7.500%,Tehama,,,,
Paso Robles*,8.000%,San Luis Obispo,,,,
Patterson*,7.625%,Stanislaus,,,,
Patton,8.000%,San Bernardino,,,,
Pauma Valley,8.000%,San Diego,,,,
Paynes Creek,7.500%,Tehama,,,,
Pearblossom,9.000%,Los Angeles,,,,
Pearland,9.000%,Los Angeles,,,,
Pebble Beach,7.500%,Monterey,,,,
Pedley,8.000%,Riverside,,,,
Peninsula Village,7.500%,Plumas,,,,
Penn Valley,7.625%,Nevada,,,,
Penngrove,8.250%,Sonoma,,,,
Penryn,7.500%,Placer,,,,
Pepperwood,7.500%,Humboldt,,,,
Permanente,8.750%,Santa Clara,,,,
Perris*,8.000%,Riverside,,,,
Perry (Whittier*),9.000%,Los Angeles,,,,
Pescadero,9.000%,San Mateo,,,,
Petaluma*,8.250%,Sonoma,,,,
Petrolia,7.500%,Humboldt,,,,
Phelan,8.000%,San Bernardino,,,,
Phillipsville,7.500%,Humboldt,,,,
Philo,7.625%,Mendocino,,,,
Pico Rivera*,10.000%,Los Angeles,,,,
Piedmont*,9.000%,Alameda,,,,
Piedra,8.225%,Fresno,,,,
Piercy,7.625%,Mendocino,,,,
Pilot Hill,7.500%,El Dorado,,,,
Pine Grove,8.000%,Amador,,,,
Pine Valley,8.000%,San Diego,,,,
Pinecrest,7.500%,Tuolumne,,,,
Pinedale (Fresno*),8.225%,Fresno,,,,
Pinetree,9.000%,Los Angeles,,,,
Pinole*,9.000%,Contra Costa,,,,
Pinon Hills,8.000%,San Bernardino,,,,
Pioneer,8.000%,Amador,,,,
Pioneertown,8.000%,San Bernardino,,,,
Piru,7.500%,Ventura,,,,
Pismo Beach*,8.000%,San Luis Obispo,,,,
Pittsburg*,9.000%,Contra Costa,,,,
Pixley,8.000%,Tulare,,,,
Placentia*,8.000%,Orange,,,,
Placerville*,8.000%,El Dorado,,,,
Plainview,8.000%,Tulare,,,,
Planada,7.500%,Merced,,,,
Plaster City,8.000%,Imperial,,,,
Platina,7.500%,Shasta,,,,
Playa Del Rey (Los Angeles*),9.000%,Los Angeles,,,,
Pleasant Grove,7.500%,Sutter,,,,
Pleasant Hill*,8.500%,Contra Costa,,,,
Pleasanton*,9.000%,Alameda,,,,
Plymouth*,8.000%,Amador,,,,
Point Arena*,8.125%,Mendocino,,,,
Point Mugu,7.500%,Ventura,,,,
Point Pittsburg (Pittsburg*),8.500%,Contra Costa,,,,
Point Reyes Station,8.500%,Marin,,,,
Pollock Pines,7.500%,El Dorado,,,,
Pomona*,9.000%,Los Angeles,,,,
Pond,7.500%,Kern,,,,
Pondosa,7.500%,Siskiyou,,,,
Pope Valley,8.000%,Napa,,,,
Poplar,8.000%,Tulare,,,,
Port Costa,8.500%,Contra Costa,,,,
Port Hueneme*,8.000%,Ventura,,,,
Porter Ranch (Los Angeles*),9.000%,Los Angeles,,,,
Porterville*,8.500%,Tulare,,,,
Portola Valley*,9.000%,San Mateo,,,,
Portola*,7.500%,Plumas,,,,
Portuguese Bend (Rancho Palos Verdes*),9.000%,Los Angeles,,,,
Posey,8.000%,Tulare,,,,
Potrero,8.000%,San Diego,,,,
Potter Valley,7.625%,Mendocino,,,,
Poway*,8.000%,San Diego,,,,
Prather,8.225%,Fresno,,,,
Presidio (San Francisco*),8.750%,San Francisco,,,,
Presidio of Monterey (Monterey*),7.500%,Monterey,,,,
Priest Valley,7.500%,Monterey,,,,
Princeton,7.500%,Colusa,,,,
Proberta,7.500%,Tehama,,,,
Project City,7.500%,Shasta,,,,
Prunedale,7.500%,Monterey,,,,
Pt. Dume,9.000%,Los Angeles,,,,
Pulga,7.500%,Butte,,,,
Pumpkin Center,7.500%,Kern,,,,
Quail Valley,8.000%,Riverside,,,,
Quartz Hill,9.000%,Los Angeles,,,,
Quincy,7.500%,Plumas,,,,
Rackerby,7.500%,Yuba,,,,
Rail Road Flat,7.500%,Calaveras,,,,
Rainbow,8.000%,San Diego,,,,
Raisin City,8.225%,Fresno,,,,
Ramona,8.000%,San Diego,,,,
Ranchita,8.000%,San Diego,,,,
Rancho Bernardo (San Diego*),8.000%,San Diego,,,,
Rancho California,8.000%,Riverside,,,,
Rancho Cordova* ,8.000%,Sacramento,,,,
Rancho Cucamonga*,8.000%,San Bernardino,,,,
Rancho Dominguez,9.000%,Los Angeles,,,,
Rancho Mirage*,8.000%,Riverside,,,,
Rancho Murieta,8.000%,Sacramento,,,,
Rancho Palos Verdes*,9.000%,Los Angeles,,,,
Rancho Park (Los Angeles*),9.000%,Los Angeles,,,,
Rancho Santa Fe,8.000%,San Diego,,,,
Rancho Santa Margarita*,8.000%,Orange,,,,
Randsburg,7.500%,Kern,,,,
Ravendale,7.500%,Lassen,,,,
Ravenna,9.000%,Los Angeles,,,,
Raymond,8.000%,Madera,,,,
Red Bluff*,7.500%,Tehama,,,,
Red Mountain,8.000%,San Bernardino,,,,
Red Top,8.000%,Madera,,,,
Redcrest,7.500%,Humboldt,,,,
Redding*,7.500%,Shasta,,,,
Redlands*,8.000%,San Bernardino,,,,
Redondo Beach*,9.000%,Los Angeles,,,,
Redway,7.500%,Humboldt,,,,
Redwood City*,9.000%,San Mateo,,,,
Redwood Estates,8.750%,Santa Clara,,,,
Redwood Valley,7.625%,Mendocino,,,,
Reedley*,8.725%,Fresno,,,,
Refugio Beach,8.000%,Santa Barbara,,,,
Represa (Folsom Prison),8.000%,Sacramento,,,,
Requa,7.500%,Del Norte,,,,
Rescue,7.500%,El Dorado,,,,
Reseda (Los Angeles*),9.000%,Los Angeles,,,,
Rheem Valley (Moraga*),8.500%,Contra Costa,,,,
Rialto*,8.000%,San Bernardino,,,,
Richardson Grove,7.500%,Humboldt,,,,
Richardson Springs,7.500%,Butte,,,,
Richfield,7.500%,Tehama,,,,
Richgrove,8.000%,Tulare,,,,
Richmond*,9.000%,Contra Costa,,,,
Richvale,7.500%,Butte,,,,
Ridgecrest*,8.250%,Kern,,,,
Rimforest,8.000%,San Bernardino,,,,
Rimpau (Los Angeles*),9.000%,Los Angeles,,,,
Rio Bravo (Bakersfield*),7.500%,Kern,,,,
Rio Del Mar,8.250%,Santa Cruz,,,,
Rio Dell*,7.500%,Humboldt,,,,
Rio Linda,8.000%,Sacramento,,,,
Rio Nido,8.250%,Sonoma,,,,
Rio Oso,7.500%,Sutter,,,,
Rio Vista*,8.375%,Solano,,,,
Ripley,8.000%,Riverside,,,,
Ripon*,8.000%,San Joaquin,,,,
River Pines,8.000%,Amador,,,,
Riverbank*,7.625%,Stanislaus,,,,
Riverdale,8.225%,Fresno,,,,
Riverside*,8.000%,Riverside,,,,
Robbins,7.500%,Sutter,,,,
Rocklin*,7.500%,Placer,,,,
Rodeo,8.500%,Contra Costa,,,,
Rohnert Park*,8.750%,Sonoma,,,,
Rohnerville,7.500%,Humboldt,,,,
Rolling Hills Estates*,9.000%,Los Angeles,,,,
Rolling Hills*,9.000%,Los Angeles,,,,
Romoland,8.000%,Riverside,,,,
Rosamond,7.500%,Kern,,,,
Rose Bowl (Pasadena*),9.000%,Los Angeles,,,,
Roseland,8.250%,Sonoma,,,,
Rosemead*,9.000%,Los Angeles,,,,
Roseville*,7.500%,Placer,,,,
Ross*,8.500%,Marin,,,,
Rossmoor,8.000%,Orange,,,,
Rough and Ready,7.625%,Nevada,,,,
Round Mountain,7.500%,Shasta,,,,
Rowland Heights,9.000%,Los Angeles,,,,
Royal Oaks,7.500%,Monterey,,,,
Rubidoux,8.000%,Riverside,,,,
Ruby Valley,7.500%,Humboldt,,,,
Rumsey,7.500%,Yolo,,,,
Running Springs,8.000%,San Bernardino,,,,
Ruth,7.500%,Trinity,,,,
Rutherford,8.000%,Napa,,,,
Ryde,8.000%,Sacramento,,,,
Sacramento*,8.500%,Sacramento,,,,
Saint Helena*,8.000%,Napa,,,,
Salida,7.625%,Stanislaus,,,,
Salinas*,8.000%,Monterey,,,,
Salton City,8.000%,Imperial,,,,
Salyer,7.500%,Trinity,,,,
Samoa,7.500%,Humboldt,,,,
San Andreas,7.500%,Calaveras,,,,
San Anselmo*,9.000%,Marin,,,,
San Ardo,7.500%,Monterey,,,,
San Benito,7.500%,San Benito,,,,
San Bernardino*,8.250%,San Bernardino,,,,
San Bruno*,9.000%,San Mateo,,,,
San Carlos (San Diego*),8.000%,San Diego,,,,
San Carlos*,9.000%,San Mateo,,,,
San Clemente*,8.000%,Orange,,,,
San Diego*,8.000%,San Diego,,,,
San Dimas*,9.000%,Los Angeles,,,,
San Fernando*,9.500%,Los Angeles,,,,
San Francisco*,8.750%,San Francisco,,,,
San Gabriel*,9.000%,Los Angeles,,,,
San Geronimo,8.500%,Marin,,,,
San Gregorio,9.000%,San Mateo,,,,
San Jacinto*,8.000%,Riverside,,,,
San Joaquin*,8.225%,Fresno,,,,
San Jose*,8.750%,Santa Clara,,,,
San Juan Bautista*,8.250%,San Benito,,,,
San Juan Capistrano*,8.000%,Orange,,,,
San Juan Plaza (San Juan Capistrano*),8.000%,Orange,,,,
San Leandro*,9.250%,Alameda,,,,
San Lorenzo,9.000%,Alameda,,,,
San Lucas,7.500%,Monterey,,,,
San Luis Obispo*,8.000%,San Luis Obispo,,,,
San Luis Rey (Oceanside*),8.000%,San Diego,,,,
San Marcos*,8.000%,San Diego,,,,
San Marino*,9.000%,Los Angeles,,,,
San Martin,8.750%,Santa Clara,,,,
San Mateo*,9.250%,San Mateo,,,,
San Miguel,7.500%,San Luis Obispo,,,,
San Pablo*,9.000%,Contra Costa,,,,
San Pedro (Los Angeles*),9.000%,Los Angeles,,,,
San Quentin,8.500%,Marin,,,,
San Rafael*,9.250%,Marin,,,,
San Ramon*,8.500%,Contra Costa,,,,
San Simeon,7.500%,San Luis Obispo,,,,
San Tomas,8.750%,Santa Clara,,,,
San Ysidro (San Diego*),8.000%,San Diego,,,,
Sand City*,8.000%,Monterey,,,,
Sanger*,8.975%,Fresno,,,,
Santa Ana*,8.000%,Orange,,,,
Santa Barbara*,8.000%,Santa Barbara,,,,
Santa Clara*,8.750%,Santa Clara,,,,
Santa Clarita*,9.000%,Los Angeles,,,,
Santa Cruz*,8.750%,Santa Cruz,,,,
Santa Fe Springs*,9.000%,Los Angeles,,,,
Santa Margarita,7.500%,San Luis Obispo,,,,
Santa Maria*,8.250%,Santa Barbara,,,,
Santa Monica*,9.500%,Los Angeles,,,,
Santa Nella,7.500%,Merced,,,,
Santa Paula*,7.500%,Ventura,,,,
Santa Rita Park,7.500%,Merced,,,,
Santa Rosa*,8.750%,Sonoma,,,,
Santa Rosa Valley,7.500%,Ventura,,,,
Santa Ynez,8.000%,Santa Barbara,,,,
Santa Ysabel,8.000%,San Diego,,,,
Santee*,8.000%,San Diego,,,,
Saratoga*,8.750%,Santa Clara,,,,
Saticoy,7.500%,Ventura,,,,
Sattley,7.500%,Sierra,,,,
Saugus (Santa Clarita*),9.000%,Los Angeles,,,,
Sausalito*,8.500%,Marin,,,,
Sawtelle (Los Angeles*),9.000%,Los Angeles,,,,
Sawyers Bar,7.500%,Siskiyou,,,,
Scotia,7.500%,Humboldt,,,,
Scott Bar,7.500%,Siskiyou,,,,
Scotts Valley*,8.750%,Santa Cruz,,,,
Sea Ranch,8.250%,Sonoma,,,,
Seabright (Santa Cruz*),8.750%,Santa Cruz,,,,
Seal Beach*,8.000%,Orange,,,,
Seaside*,8.500%,Monterey,,,,
Sebastopol*,9.000%,Sonoma,,,,
Seeley,8.000%,Imperial,,,,
Seiad Valley,7.500%,Siskiyou,,,,
Selby,8.500%,Contra Costa,,,,
Selma*,8.725%,Fresno,,,,
Seminole Hot Springs,9.000%,Los Angeles,,,,
Sepulveda (Los Angeles*),9.000%,Los Angeles,,,,
Sequoia National Park,8.000%,Tulare,,,,
Shafter*,7.500%,Kern,,,,
Shandon,7.500%,San Luis Obispo,,,,
Sharpe Army Depot,8.000%,San Joaquin,,,,
Shasta,7.500%,Shasta,,,,
Shasta Lake*,7.500%,Shasta,,,,
Shaver Lake,8.225%,Fresno,,,,
Sheepranch,7.500%,Calaveras,,,,
Shell Beach (Pismo Beach*),8.000%,San Luis Obispo,,,,
Sheridan,7.500%,Placer,,,,
Sherman Island,8.000%,Sacramento,,,,
Sherman Oaks (Los Angeles*),9.000%,Los Angeles,,,,
Sherwin Plaza,7.500%,Mono,,,,
Shingle Springs,7.500%,El Dorado,,,,
Shingletown,7.500%,Shasta,,,,
Shively,7.500%,Humboldt,,,,
Shore Acres,8.500%,Contra Costa,,,,
Shoshone,8.000%,Inyo,,,,
Sierra City,7.500%,Sierra,,,,
Sierra Madre*,9.000%,Los Angeles,,,,
Sierraville,7.500%,Sierra,,,,
Signal Hill*,9.000%,Los Angeles,,,,
Silver Lake,8.000%,Amador,,,,
Silverado Canyon,8.000%,Orange,,,,
Simi Valley*,7.500%,Ventura,,,,
Sisquoc,8.000%,Santa Barbara,,,,
Sites,7.500%,Colusa,,,,
Sky Valley,8.000%,Riverside,,,,
Skyforest,8.000%,San Bernardino,,,,
Sleepy Valley,9.000%,Los Angeles,,,,
Sloat,7.500%,Plumas,,,,
Sloughhouse,8.000%,Sacramento,,,,
Smartsville,7.500%,Yuba,,,,
Smith River,7.500%,Del Norte,,,,
Smithflat,7.500%,El Dorado,,,,
Smoke Tree (Palm Springs*),9.000%,Riverside,,,,
Smoke Tree (Twentynine Palms*),8.000%,San Bernardino,,,,
Snelling,7.500%,Merced,,,,
Soda Springs,7.625%,Nevada,,,,
Solana Beach*,8.000%,San Diego,,,,
Soledad*,8.500%,Monterey,,,,
Solemint,9.000%,Los Angeles,,,,
Solvang*,8.000%,Santa Barbara,,,,
Somerset,7.500%,El Dorado,,,,
Somes Bar,7.500%,Siskiyou,,,,
Somis,7.500%,Ventura,,,,
Sonoma*,8.750%,Sonoma,,,,
Sonora*,8.000%,Tuolumne,,,,
Soquel,8.250%,Santa Cruz,,,,
Soulsbyville,7.500%,Tuolumne,,,,
South Dos Palos,7.500%,Merced,,,,
South El Monte*,9.500%,Los Angeles,,,,
South Fork,7.500%,Humboldt,,,,
South Gate*,10.000%,Los Angeles,,,,
South Laguna (Laguna Beach*),8.000%,Orange,,,,
South Lake Tahoe*,8.000%,El Dorado,,,,
South Pasadena*,9.000%,Los Angeles,,,,
South San Francisco*,9.000%,San Mateo,,,,
South Shore (Alameda*),9.000%,Alameda,,,,
South Whittier,9.000%,Los Angeles,,,,
Spanish Flat,8.000%,Napa,,,,
Spreckels,7.500%,Monterey,,,,
Spring Garden,7.500%,Plumas,,,,
Spring Valley,8.000%,San Diego,,,,
Springville,8.000%,Tulare,,,,
Spyrock,7.625%,Mendocino,,,,
Squaw Valley,8.225%,Fresno,,,,
St. Helena*,8.000%,Napa,,,,
Standard,7.500%,Tuolumne,,,,
Standish,7.500%,Lassen,,,,
Stanford,8.750%,Santa Clara,,,,
Stanislaus,7.500%,Tuolumne,,,,
Stanton*,8.000%,Orange,,,,
Steele Park,8.000%,Napa,,,,
Stevenson Ranch,9.000%,Los Angeles,,,,
Stevinson,7.500%,Merced,,,,
Stewarts Point,8.250%,Sonoma,,,,
Stinson Beach,8.500%,Marin,,,,
Stirling City,7.500%,Butte,,,,
Stockton*,9.000%,San Joaquin,,,,
Stonyford,7.500%,Colusa,,,,
Storrie,7.500%,Plumas,,,,
Stratford,7.500%,Kings,,,,
Strathmore,8.000%,Tulare,,,,
Strawberry,7.500%,Tuolumne,,,,
Strawberry Valley,7.500%,Yuba,,,,
Studio City (Los Angeles*),9.000%,Los Angeles,,,,
Sugarloaf,8.000%,San Bernardino,,,,
Suisun City*,7.625%,Solano,,,,
Sulphur Springs,9.000%,Los Angeles,,,,
Sultana,8.000%,Tulare,,,,
Summerland,8.000%,Santa Barbara,,,,
Summit,8.000%,San Bernardino,,,,
Summit City,7.500%,Shasta,,,,
Sun City,8.000%,Riverside,,,,
Sun Valley (Los Angeles*),9.000%,Los Angeles,,,,
Sunland (Los Angeles*),9.000%,Los Angeles,,,,
Sunnymead (Moreno Valley*),8.000%,Riverside,,,,
Sunnyside,8.000%,San Diego,,,,
Sunnyvale*,8.750%,Santa Clara,,,,
Sunol,9.000%,Alameda,,,,
Sunset Beach,8.000%,Orange,,,,
Sunset Whitney Ranch,7.500%,Placer,,,,
Surfside (Seal Beach*),8.000%,Orange,,,,
Susanville*,7.500%,Lassen,,,,
Sutter,7.500%,Sutter,,,,
Sutter Creek*,8.000%,Amador,,,,
Swall Meadows (Bishop*),8.000%,Inyo,,,,
Sylmar (Los Angeles*),9.000%,Los Angeles,,,,
Taft*,7.500%,Kern,,,,
Tagus Ranch,8.000%,Tulare,,,,
Tahoe City,7.500%,Placer,,,,
Tahoe Paradise,7.500%,El Dorado,,,,
Tahoe Valley,7.500%,El Dorado,,,,
Tahoe Vista,7.500%,Placer,,,,
Tahoma,7.500%,Placer,,,,
Talmage,7.625%,Mendocino,,,,
Tamal (San Quentin),8.500%,Marin,,,,
Tarzana (Los Angeles*),9.000%,Los Angeles,,,,
Taylorsville,7.500%,Plumas,,,,
Tecate,8.000%,San Diego,,,,
Tecopa,8.000%,Inyo,,,,
Tehachapi*,7.500%,Kern,,,,
Tehama*,7.500%,Tehama,,,,
Temecula*,8.000%,Riverside,,,,
Temple City*,9.000%,Los Angeles,,,,
Templeton,7.500%,San Luis Obispo,,,,
Terminal Island (Los Angeles*),9.000%,Los Angeles,,,,
Termo,7.500%,Lassen,,,,
Terra Bella,8.000%,Tulare,,,,
Thermal,8.000%,Riverside,,,,
Thornton,8.000%,San Joaquin,,,,
Thousand Oaks*,7.500%,Ventura,,,,
Thousand Palms,8.000%,Riverside,,,,
Three Rivers,8.000%,Tulare,,,,
Tiburon*,8.500%,Marin,,,,
Tierra Del Sol,8.000%,San Diego,,,,
Tierrasanta (San Diego*),8.000%,San Diego,,,,
Tipton,8.000%,Tulare,,,,
Tollhouse,8.225%,Fresno,,,,
Toluca Lake (Los Angeles*),9.000%,Los Angeles,,,,
Tomales,8.500%,Marin,,,,
Toms Place,7.500%,Mono,,,,
Topanga (Los Angeles*),9.000%,Los Angeles,,,,
Topanga Park (Los Angeles*),9.000%,Los Angeles,,,,
Topaz,7.500%,Mono,,,,
Torrance*,9.000%,Los Angeles,,,,
Town Center,8.000%,Tulare,,,,
Trabuco Canyon,8.000%,Orange,,,,
Tracy*,8.500%,San Joaquin,,,,
Tranquillity,8.225%,Fresno,,,,
Traver,8.000%,Tulare,,,,
Travis A.F.B. (Fairfield*),8.625%,Solano,,,,
Tres Pinos,7.500%,San Benito,,,,
Trinidad*,8.250%,Humboldt,,,,
Trinity Center,7.500%,Trinity,,,,
Trona,8.000%,San Bernardino,,,,
Trowbridge,7.500%,Sutter,,,,
Truckee*,8.125%,Nevada,,,,
Tujunga (Los Angeles*),9.000%,Los Angeles,,,,
Tulare*,8.500%,Tulare,,,,
Tulelake*,7.500%,Siskiyou,,,,
Tuolumne,7.500%,Tuolumne,,,,
Tuolumne Meadows,8.000%,Mariposa,,,,
Tupman,7.500%,Kern,,,,
Turlock*,7.625%,Stanislaus,,,,
Tustin*,8.000%,Orange,,,,
Twain,7.500%,Plumas,,,,
Twain Harte,7.500%,Tuolumne,,,,
Twentynine Palms*,8.000%,San Bernardino,,,,
Twin Bridges,7.500%,El Dorado,,,,
Twin Peaks,8.000%,San Bernardino,,,,
Two Rock Coast Guard Station,8.250%,Sonoma,,,,
U.S. Naval Postgrad School (Monterey*),7.500%,Monterey,,,,
Ukiah*,8.125%,Mendocino,,,,
Union City*,9.500%,Alameda,,,,
Universal City,9.000%,Los Angeles,,,,
University,8.000%,Santa Barbara,,,,
University Park (Irvine*),8.000%,Orange,,,,
Upland*,8.000%,San Bernardino,,,,
Upper Lake/ Upper Lake Valley,7.500%,Lake,,,,
Vacaville*,7.875%,Solano,,,,
Val Verde Park,9.000%,Los Angeles,,,,
Valencia (Santa Clarita*),9.000%,Los Angeles,,,,
Valinda,9.000%,Los Angeles,,,,
Vallecito,7.500%,Calaveras,,,,
Vallejo*,8.625%,Solano,,,,
Valley Center,8.000%,San Diego,,,,
Valley Fair,8.750%,Santa Clara,,,,
Valley Ford,8.250%,Sonoma,,,,
Valley Home,7.625%,Stanislaus,,,,
Valley Springs,7.500%,Calaveras,,,,
Valley Village,9.000%,Los Angeles,,,,
Valyermo,9.000%,Los Angeles,,,,
Van Nuys (Los Angeles*),9.000%,Los Angeles,,,,
Vandenberg A.F.B,8.000%,Santa Barbara,,,,
Vasquez Rocks,9.000%,Los Angeles,,,,
Venice (Los Angeles*),9.000%,Los Angeles,,,,
Ventucopa,8.000%,Santa Barbara,,,,
Ventura*,7.500%,Ventura,,,,
Verdugo City (Glendale*),9.000%,Los Angeles,,,,
Vernalis,8.000%,San Joaquin,,,,
Vernon*,9.000%,Los Angeles,,,,
Veteran's Hospital (Los Angeles*),9.000%,Los Angeles,,,,
Victor,8.000%,San Joaquin,,,,
Victorville*,8.000%,San Bernardino,,,,
Vidal,8.000%,San Bernardino,,,,
View Park,9.000%,Los Angeles,,,,
Villa Grande,8.250%,Sonoma,,,,
Villa Park*,8.000%,Orange,,,,
Vina,7.500%,Tehama,,,,
Vincent,9.000%,Los Angeles,,,,
Vineburg,8.250%,Sonoma,,,,
Vinton,7.500%,Plumas,,,,
Virgilia,7.500%,Plumas,,,,
Visalia*,8.250%,Tulare,,,,
Vista Park,7.500%,Kern,,,,
Vista*,8.500%,San Diego,,,,
Volcano,8.000%,Amador,,,,
Volta,7.500%,Merced,,,,
Wallace,7.500%,Calaveras,,,,
Walnut Creek*,8.500%,Contra Costa,,,,
Walnut Grove,8.000%,Sacramento,,,,
Walnut Park,9.000%,Los Angeles,,,,
Walnut*,9.000%,Los Angeles,,,,
Warm Springs (Fremont*),9.000%,Alameda,,,,
Warner Springs,8.000%,San Diego,,,,
Wasco*,7.500%,Kern,,,,
Waterford*,7.625%,Stanislaus,,,,
Watsonville*,8.500%,Santa Cruz,,,,
Watts,9.000%,Los Angeles,,,,
Waukena,8.000%,Tulare,,,,
Wawona,8.000%,Mariposa,,,,
Weaverville,7.500%,Trinity,,,,
Weed*,7.500%,Siskiyou,,,,
Weimar,7.500%,Placer,,,,
Weldon,7.500%,Kern,,,,
Wendel,7.500%,Lassen,,,,
Weott,7.500%,Humboldt,,,,
West Covina*,9.000%,Los Angeles,,,,
West Hills (Los Angeles*),9.000%,Los Angeles,,,,
West Hollywood*,9.000%,Los Angeles,,,,
West Los Angeles (Los Angeles*),9.000%,Los Angeles,,,,
West Pittsburg,8.500%,Contra Costa,,,,
West Point,7.500%,Calaveras,,,,
West Sacramento*,8.000%,Yolo,,,,
Westchester (Los Angeles*),9.000%,Los Angeles,,,,
Westend,8.000%,San Bernardino,,,,
Westhaven,7.500%,Humboldt,,,,
Westlake (Los Angeles*),9.000%,Los Angeles,,,,
Westlake Village (Thousand Oaks*),7.500%,Ventura,,,,
Westlake Village*,9.000%,Los Angeles,,,,
Westley,7.625%,Stanislaus,,,,
Westminster*,8.000%,Orange,,,,
Westmorland*,8.000%,Imperial,,,,
Westport,7.625%,Mendocino,,,,
Westside,7.625%,Stanislaus,,,,
Westwood,7.500%,Lassen,,,,
Westwood (Los Angeles*),9.000%,Los Angeles,,,,
Wheatland*,8.000%,Yuba,,,,
Wheeler Ridge,7.500%,Kern,,,,
Whiskeytown,7.500%,Shasta,,,,
Whispering Pines,7.500%,Lake,,,,
White Pines,7.500%,Calaveras,,,,
Whitethorn,7.500%,Humboldt,,,,
Whitewater,8.000%,Riverside,,,,
Whitlow,7.500%,Humboldt,,,,
Whitmore,7.500%,Shasta,,,,
Whittier*,9.000%,Los Angeles,,,,
Wildomar*,8.000%,Riverside,,,,
Wildwood,7.500%,Shasta,,,,
Williams*,8.000%,Colusa,,,,
Willits*,8.125%,Mendocino,,,,
Willow Creek,7.500%,Humboldt,,,,
Willow Ranch,7.500%,Modoc,,,,
Willowbrook,9.000%,Los Angeles,,,,
Willows*,7.500%,Glenn,,,,
Wilmington (Los Angeles*),9.000%,Los Angeles,,,,
Wilseyville,7.500%,Calaveras,,,,
Wilsona Gardens,9.000%,Los Angeles,,,,
Wilton,8.000%,Sacramento,,,,
Winchester,8.000%,Riverside,,,,
Windsor Hills,9.000%,Los Angeles,,,,
Windsor*,8.250%,Sonoma,,,,
Winnetka (Los Angeles*),9.000%,Los Angeles,,,,
Winterhaven,8.000%,Imperial,,,,
Winters*,7.500%,Yolo,,,,
Winton,7.500%,Merced,,,,
Wishon,8.000%,Madera,,,,
Witter Springs,7.500%,Lake,,,,
Wofford Heights,7.500%,Kern,,,,
Woodacre,8.500%,Marin,,,,
Woodbridge,8.000%,San Joaquin,,,,
Woodfords,7.500%,Alpine,,,,
Woodlake*,8.000%,Tulare,,,,
Woodland*,8.250%,Yolo,,,,
Woodland Hills (Los Angeles*),9.000%,Los Angeles,,,,
Woodleaf,7.500%,Yuba,,,,
Woodside*,9.000%,San Mateo,,,,
Woodville,8.000%,Tulare,,,,
Woody,7.500%,Kern,,,,
Wrightwood,8.000%,San Bernardino,,,,
Yankee Hill,7.500%,Butte,,,,
Yermo,8.000%,San Bernardino,,,,
Yettem,8.000%,Tulare,,,,
Yolo,7.500%,Yolo,,,,
Yorba Linda*,8.000%,Orange,,,,
Yorkville,7.625%,Mendocino,,,,
Yosemite Lodge,8.000%,Mariposa,,,,
Yosemite National Park,8.000%,Mariposa,,,,
Yountville*,8.000%,Napa,,,,
Yreka*,7.500%,Siskiyou,,,,
Yuba City*,7.500%,Sutter,,,,
Yucaipa*,8.000%,San Bernardino,,,,
Yucca Valley*,8.000%,San Bernardino,,,,
Zamora,7.500%,Yolo,,,,
Zenia,7.500%,Trinity,,,,
